kittyId,txHash,from,to,timestamp
489481,0x4c877ae61762d8a7aac5875efd1d9b860e1269416c4ce30fd8f5fbe3290849fc,0xb7F819B983E0CbB0316786d7FBa12E3b1E58DA5F,0x39243a59d34169EeB0cAC2752a21B982408a0194,1517319870
489482,0xcd72097820db8568ed06e1d7fbcaec8638db9c56cac2f5f9744403608e361bf1,0x74F42f97A229213343CBe0bE747DfE4b705876Cb,0x39243a59d34169EeB0cAC2752a21B982408a0194,1517319888
489483,0xa0ea99f843efbeb39439d1a210105104e3ea2b841a876daa83e171954a63eede,0x6fC9Bcb6091C01d6d2a530955E633b894aE48256,0xD18785571AE7F3b100e5B8788E3827120282f170,1517319891
489484,0x32cb80fe6747484d75944f76118fb74864d374b24a31650b96f08dc1b59583fc,0xDe49de6739d54b43c80E8E0d15A4aDc2b35FbF11,0xECde0842e309C4B2d15C074512404207335f3096,1517320039
489485,0x13e07cdf91fcf5f87a4dd27e33d864849d959267090cef7ca178b239e53b0fc5,0x80cfD274937D40c5e3D0e910a81D3330f3C10898,0xD18785571AE7F3b100e5B8788E3827120282f170,1517320109
489486,0x13e07cdf91fcf5f87a4dd27e33d864849d959267090cef7ca178b239e53b0fc5,0x80cfD274937D40c5e3D0e910a81D3330f3C10898,0xD18785571AE7F3b100e5B8788E3827120282f170,1517320109
489487,0x80e74dc13700e26e3ec0b7cddee1d2e2572bfd76052b86d6defc6c5525354532,0xED9878336d5187949E4ca33359D2C47c846c9Dd3,0xD18785571AE7F3b100e5B8788E3827120282f170,1517320135
489488,0xad870f538d8410a54397834ab7a0768d19d2d887425cb9e4f391ef98c7bea502,0xb7F819B983E0CbB0316786d7FBa12E3b1E58DA5F,0x39243a59d34169EeB0cAC2752a21B982408a0194,1517320271
489489,0x32ec750ce789d0d044aaf58899c7dfebc82d9d0070a4bc0e04122a30875b6ba5,0xa21037849678Af57f9865c6B9887F4e339f6377a,0x06012c8cf97BEaD5deAe237070F9587f8E7A266d,1517320509
489490,0x99657a6fd3d42a4daa7a396490a54d8f1f31b381851ccef2a1b28120ce2d2e17,0xD51b5990951622c15de735F8510C7dBD6d3d3804,0xECde0842e309C4B2d15C074512404207335f3096,1517320516
489491,0x99657a6fd3d42a4daa7a396490a54d8f1f31b381851ccef2a1b28120ce2d2e17,0xD51b5990951622c15de735F8510C7dBD6d3d3804,0xECde0842e309C4B2d15C074512404207335f3096,1517320516
489492,0x1db82f96ba798a9292139b99a84d85c8cc42c623674f2e629b3675702dcde933,0x80cfD274937D40c5e3D0e910a81D3330f3C10898,0xD18785571AE7F3b100e5B8788E3827120282f170,1517320541
489493,0x7a3d067d2775ebf3b7115a5f06c3c4f9f1278e174fe9652377c97af124cd4e24,0xED9878336d5187949E4ca33359D2C47c846c9Dd3,0xD18785571AE7F3b100e5B8788E3827120282f170,1517320567
489494,0x7a3d067d2775ebf3b7115a5f06c3c4f9f1278e174fe9652377c97af124cd4e24,0xED9878336d5187949E4ca33359D2C47c846c9Dd3,0xD18785571AE7F3b100e5B8788E3827120282f170,1517320567
489495,0x7a3d067d2775ebf3b7115a5f06c3c4f9f1278e174fe9652377c97af124cd4e24,0xED9878336d5187949E4ca33359D2C47c846c9Dd3,0xD18785571AE7F3b100e5B8788E3827120282f170,1517320567
489496,0x7eeaae461a9ef7dacee95a6c582ca2ef68699f0abdb0ec8a0b4db96e6410ba72,0x6fC9Bcb6091C01d6d2a530955E633b894aE48256,0xD18785571AE7F3b100e5B8788E3827120282f170,1517320641
489497,0x7eeaae461a9ef7dacee95a6c582ca2ef68699f0abdb0ec8a0b4db96e6410ba72,0x6fC9Bcb6091C01d6d2a530955E633b894aE48256,0xD18785571AE7F3b100e5B8788E3827120282f170,1517320641
489498,0x7c2a80bc1cebcfd2c554ee183b940f18bff18c764557f78abb28f1c69feab365,0xC5B373618D4D01a38f822F56cA6D2fF5080cC4f2,0xD18785571AE7F3b100e5B8788E3827120282f170,1517320828
489499,0x52a1b911f173c72a6a218e7b4a301c2d4fa9d468c68a0c7c50c9ba8dfcabd820,0xb7F819B983E0CbB0316786d7FBa12E3b1E58DA5F,0x39243a59d34169EeB0cAC2752a21B982408a0194,1517320905
489500,0xde50853456f116c09eec41e92fddab0af18e85e3f137ca6112bfb1c0afbc119e,0x25c6Bf07f3848D146AB24f815cf9a3B1C4a1F27D,0xECde0842e309C4B2d15C074512404207335f3096,1517320928
489501,0xde50853456f116c09eec41e92fddab0af18e85e3f137ca6112bfb1c0afbc119e,0x25c6Bf07f3848D146AB24f815cf9a3B1C4a1F27D,0xECde0842e309C4B2d15C074512404207335f3096,1517320928
489502,0x03a18922799814560a2f2bfc4f02062a4cef85380623fdbcd683f979a7950ae2,0xDe49de6739d54b43c80E8E0d15A4aDc2b35FbF11,0xECde0842e309C4B2d15C074512404207335f3096,1517321008
489503,0xe9032b9b7bfd21e16b20654202e6c00c0f7390da2b9c53f0867496ac580dbfac,0x9C89814BC229Ef3188ADd441EF9D2673A621d7bE,0xECde0842e309C4B2d15C074512404207335f3096,1517321016
489504,0xddaad015673525de9fad16bd9faf0b4d5eaa3d6d59e5527a3979cde802665d72,0x80cfD274937D40c5e3D0e910a81D3330f3C10898,0xD18785571AE7F3b100e5B8788E3827120282f170,1517321034
489505,0x150f5321331aa423e3e27794e467d2ed58c7907fa676478d6e9b950c33836d8a,0x9C89814BC229Ef3188ADd441EF9D2673A621d7bE,0xECde0842e309C4B2d15C074512404207335f3096,1517321073
489506,0x150f5321331aa423e3e27794e467d2ed58c7907fa676478d6e9b950c33836d8a,0x9C89814BC229Ef3188ADd441EF9D2673A621d7bE,0xECde0842e309C4B2d15C074512404207335f3096,1517321073
489507,0x49afd18d79f18043d6a5a8e974eb1027f8d742ae6d58f06e48b4f641a2ed8feb,0x6fC9Bcb6091C01d6d2a530955E633b894aE48256,0xD18785571AE7F3b100e5B8788E3827120282f170,1517321142
489508,0x49afd18d79f18043d6a5a8e974eb1027f8d742ae6d58f06e48b4f641a2ed8feb,0x6fC9Bcb6091C01d6d2a530955E633b894aE48256,0xD18785571AE7F3b100e5B8788E3827120282f170,1517321142
489509,0xb38087375ad848beec2b8fde00bace2d571a35b7c084bf9a1bf027026522ea90,0xC5B373618D4D01a38f822F56cA6D2fF5080cC4f2,0xD18785571AE7F3b100e5B8788E3827120282f170,1517321201
489510,0xb38087375ad848beec2b8fde00bace2d571a35b7c084bf9a1bf027026522ea90,0xC5B373618D4D01a38f822F56cA6D2fF5080cC4f2,0xD18785571AE7F3b100e5B8788E3827120282f170,1517321201
489511,0xb38087375ad848beec2b8fde00bace2d571a35b7c084bf9a1bf027026522ea90,0xC5B373618D4D01a38f822F56cA6D2fF5080cC4f2,0xD18785571AE7F3b100e5B8788E3827120282f170,1517321201
489512,0xb38087375ad848beec2b8fde00bace2d571a35b7c084bf9a1bf027026522ea90,0xC5B373618D4D01a38f822F56cA6D2fF5080cC4f2,0xD18785571AE7F3b100e5B8788E3827120282f170,1517321201
489513,0x58de9d7efeceb215a32156efb73fd8c77bb6f0f4bfcee0116cd6f3bdba3c782b,0x25c6Bf07f3848D146AB24f815cf9a3B1C4a1F27D,0xECde0842e309C4B2d15C074512404207335f3096,1517321305
489514,0xb1669d5df08e4c21ebb0dac7fb16570f7aec6686a71d259fa360c3069a678bef,0xb7F819B983E0CbB0316786d7FBa12E3b1E58DA5F,0x39243a59d34169EeB0cAC2752a21B982408a0194,1517321351
489515,0x05fb1eead547dd1c12601e7d47f79ad2d4fe98739f1dce48002505f387e48e6e,0xa21037849678Af57f9865c6B9887F4e339f6377a,0x06012c8cf97BEaD5deAe237070F9587f8E7A266d,1517321363
489516,0x0b17ba3c3e36991d6bd0a2a14cc2d7afb8c924079ee54f9815a3b1c954c175b4,0x6fC9Bcb6091C01d6d2a530955E633b894aE48256,0xD18785571AE7F3b100e5B8788E3827120282f170,1517321423
489517,0xf900d039b37c9b07dba793b8dc99d5c9b12e04b6bb3e5eb8f888ce5d3ef06675,0x80cfD274937D40c5e3D0e910a81D3330f3C10898,0xD18785571AE7F3b100e5B8788E3827120282f170,1517321465
489518,0xf900d039b37c9b07dba793b8dc99d5c9b12e04b6bb3e5eb8f888ce5d3ef06675,0x80cfD274937D40c5e3D0e910a81D3330f3C10898,0xD18785571AE7F3b100e5B8788E3827120282f170,1517321465
489519,0x4db8fae6751a6cd652726ce22ffd440d52545eb631e423999979185c080ba412,0x25c6Bf07f3848D146AB24f815cf9a3B1C4a1F27D,0xECde0842e309C4B2d15C074512404207335f3096,1517321480
489520,0x79c69b0f9260502f44ea2ec5afbc08f7f7f1b3fe543615f90e873d31a38776ee,0xED9878336d5187949E4ca33359D2C47c846c9Dd3,0xD18785571AE7F3b100e5B8788E3827120282f170,1517321519
489521,0xcfdc2b72bcfb055e2574d9b2f2dfba74a2abe3ba72b2730c8ad7d08bb2904297,0x6fC9Bcb6091C01d6d2a530955E633b894aE48256,0xD18785571AE7F3b100e5B8788E3827120282f170,1517321539
489522,0xd1896a3d77afbc75b5cd83958bfb5cd81f6246b6747fe6aefea62c2206ad9847,0x80cfD274937D40c5e3D0e910a81D3330f3C10898,0xD18785571AE7F3b100e5B8788E3827120282f170,1517321545
489523,0xfaee4bdca00f57f83a1d752e49b2fba215f501568cf075c3dd03bd8856c77035,0x17528A9314B090a13A97b4F167D7D525625c398d,0xCC3d43308f835c1a29e14C7dD74B981d272dC708,1517321647
489524,0xd1972a1a401c4961aa004472438ecab4ea279c2d3735d93a0c3ffdcd24047a3e,0x05bE6E1F661DacD4630e1Ebe2fFCE5bfB962076f,0x39243a59d34169EeB0cAC2752a21B982408a0194,1517321678
489525,0x5247e0c0e54818591d583d6031c777de4de6f104db3ca0fdf14ec929a0bc6647,0xD51b5990951622c15de735F8510C7dBD6d3d3804,0xECde0842e309C4B2d15C074512404207335f3096,1517321828
489526,0x77c411b4ba6db277bb0bde8b8f72e7854e475d439d3fb0cf68cb30e2edf9b5ba,0x6fC9Bcb6091C01d6d2a530955E633b894aE48256,0xD18785571AE7F3b100e5B8788E3827120282f170,1517321881
489527,0x72d2f3fd82a0fe3199d8393ddfe53924ed127f23e690f327a144b70b12712964,0x05bE6E1F661DacD4630e1Ebe2fFCE5bfB962076f,0x39243a59d34169EeB0cAC2752a21B982408a0194,1517322004
489528,0xd0976308931195d5686cab95b41a704a3f957fe69863e5f5957155ecb9860ef1,0xb7F819B983E0CbB0316786d7FBa12E3b1E58DA5F,0x39243a59d34169EeB0cAC2752a21B982408a0194,1517322010
489529,0xd0976308931195d5686cab95b41a704a3f957fe69863e5f5957155ecb9860ef1,0xb7F819B983E0CbB0316786d7FBa12E3b1E58DA5F,0x39243a59d34169EeB0cAC2752a21B982408a0194,1517322010
489530,0x4f09a4f7dc459d99698cb4e3c36710f964509e4531cdc0631ad2b828a06efd4d,0xED9878336d5187949E4ca33359D2C47c846c9Dd3,0xD18785571AE7F3b100e5B8788E3827120282f170,1517322022
489531,0xfbafe7259221c7a531006f69f497d118a1f96a8c156ac648cd53a42310383df5,0x6fC9Bcb6091C01d6d2a530955E633b894aE48256,0xD18785571AE7F3b100e5B8788E3827120282f170,1517322028
489532,0x679f836fd6c5b02b50c0eaf716147871b033e1f3977352d15a288640cf67f5e4,0x05bE6E1F661DacD4630e1Ebe2fFCE5bfB962076f,0x39243a59d34169EeB0cAC2752a21B982408a0194,1517322117
489533,0x90a557c9811c668f049b5dd911bd431e1d89dd54814c1567890e5185d2c1b981,0x05bE6E1F661DacD4630e1Ebe2fFCE5bfB962076f,0x39243a59d34169EeB0cAC2752a21B982408a0194,1517322144
489534,0xf425b0be080234ad253e3b1fb852008280738cad8e19e0d1300f95b3aa6b237b,0xD51b5990951622c15de735F8510C7dBD6d3d3804,0xECde0842e309C4B2d15C074512404207335f3096,1517322151
489535,0xc0b7baeaec8a86527481422351178a1839b72c07977d536cae45517d0cb70e7e,0x6fC9Bcb6091C01d6d2a530955E633b894aE48256,0xD18785571AE7F3b100e5B8788E3827120282f170,1517322242
489536,0xb9b2512aab0038298203a71e9888be0526d70c022cf93b2c654e24384ed7faea,0xa21037849678Af57f9865c6B9887F4e339f6377a,0x06012c8cf97BEaD5deAe237070F9587f8E7A266d,1517322252
489537,0x7e7a33c3311009f6891334881132daba6cf7815a933a9cf2f33d40b4f4248b2f,0x05bE6E1F661DacD4630e1Ebe2fFCE5bfB962076f,0x39243a59d34169EeB0cAC2752a21B982408a0194,1517322358
489538,0xefd9c749bed9c906ed329386013c49f1ee3b797269fb52bb5daffc4a257a6385,0xDe49de6739d54b43c80E8E0d15A4aDc2b35FbF11,0xECde0842e309C4B2d15C074512404207335f3096,1517322370
489539,0x63041e8f8073d2a0bd3cea73ebe1ee600ae18ce65aac8cc95a180308dc5052aa,0x9C89814BC229Ef3188ADd441EF9D2673A621d7bE,0xECde0842e309C4B2d15C074512404207335f3096,1517322413
489540,0x1c546c217601f865442a6a44d268243001dd4781ca2e1f4248be77a37cb3c54e,0x17528A9314B090a13A97b4F167D7D525625c398d,0xCC3d43308f835c1a29e14C7dD74B981d272dC708,1517322432
489541,0x826abc9d85182143aa7f2281e80777a33be5aac53f9fb42d450b2583b2aa70fb,0x9C89814BC229Ef3188ADd441EF9D2673A621d7bE,0xECde0842e309C4B2d15C074512404207335f3096,1517322437
489542,0x8a0f41d70a21d2d35b8ed47b074efaf91cf8d720fa798767ad230abf695ce535,0x80cfD274937D40c5e3D0e910a81D3330f3C10898,0xD18785571AE7F3b100e5B8788E3827120282f170,1517322636
489543,0x0bbb9435921a13de1044ed64dedfe95396896cde981578b260284f47c2aea459,0x25c6Bf07f3848D146AB24f815cf9a3B1C4a1F27D,0xECde0842e309C4B2d15C074512404207335f3096,1517322644
489544,0x22066ff863638bcf98a07aec4e99786d38279e2b6e645127914132eb2a14a994,0xED9878336d5187949E4ca33359D2C47c846c9Dd3,0xD18785571AE7F3b100e5B8788E3827120282f170,1517322798
489545,0x22066ff863638bcf98a07aec4e99786d38279e2b6e645127914132eb2a14a994,0xED9878336d5187949E4ca33359D2C47c846c9Dd3,0xD18785571AE7F3b100e5B8788E3827120282f170,1517322798
489546,0x66c882074cb0b7da628dcbef89d6a2615d8af60c8984391cb35f5b2ea1cbbd17,0xb7F819B983E0CbB0316786d7FBa12E3b1E58DA5F,0x39243a59d34169EeB0cAC2752a21B982408a0194,1517322800
489547,0x66c882074cb0b7da628dcbef89d6a2615d8af60c8984391cb35f5b2ea1cbbd17,0xb7F819B983E0CbB0316786d7FBa12E3b1E58DA5F,0x39243a59d34169EeB0cAC2752a21B982408a0194,1517322800
489548,0x35e758670cba106330370feaa4abea1e2c56dd73a5254af88c9b5440cd18c3d7,0x25c6Bf07f3848D146AB24f815cf9a3B1C4a1F27D,0xECde0842e309C4B2d15C074512404207335f3096,1517322868
489549,0x496b46eed43457e2ca109510c84c5e447aa1e780c6da0a4baac135bcd245bafb,0xb7F819B983E0CbB0316786d7FBa12E3b1E58DA5F,0x39243a59d34169EeB0cAC2752a21B982408a0194,1517322874
489550,0x496b46eed43457e2ca109510c84c5e447aa1e780c6da0a4baac135bcd245bafb,0xb7F819B983E0CbB0316786d7FBa12E3b1E58DA5F,0x39243a59d34169EeB0cAC2752a21B982408a0194,1517322874
489551,0x05c9a19fe44a5f6e3cf1eed39eac9fba756dfbf5ad0f1b91961730ab4ab3a89d,0xDe49de6739d54b43c80E8E0d15A4aDc2b35FbF11,0xECde0842e309C4B2d15C074512404207335f3096,1517322891
489552,0x05c9a19fe44a5f6e3cf1eed39eac9fba756dfbf5ad0f1b91961730ab4ab3a89d,0xDe49de6739d54b43c80E8E0d15A4aDc2b35FbF11,0xECde0842e309C4B2d15C074512404207335f3096,1517322891
489553,0x7221460b1e156e198e5276bddb74a4667f748095f96a42e6edb010c4b579fb5a,0xED9878336d5187949E4ca33359D2C47c846c9Dd3,0xD18785571AE7F3b100e5B8788E3827120282f170,1517322957
489554,0x7221460b1e156e198e5276bddb74a4667f748095f96a42e6edb010c4b579fb5a,0xED9878336d5187949E4ca33359D2C47c846c9Dd3,0xD18785571AE7F3b100e5B8788E3827120282f170,1517322957
489555,0x1c601aec056b2f07d7cc377c103bbcd939ae986f308e79ebc030bce258e434b8,0x80cfD274937D40c5e3D0e910a81D3330f3C10898,0xD18785571AE7F3b100e5B8788E3827120282f170,1517323013
489556,0x86ccb067c633e5da04e9517aaed905f60997e1b5251214cc8d4ba855f6ff144f,0xb7F819B983E0CbB0316786d7FBa12E3b1E58DA5F,0x39243a59d34169EeB0cAC2752a21B982408a0194,1517323013
489557,0xeafcde57a704abc971ea94981267334ca2540739e894750191fbe0a57b5755c6,0x05bE6E1F661DacD4630e1Ebe2fFCE5bfB962076f,0x39243a59d34169EeB0cAC2752a21B982408a0194,1517323071
489558,0x1de48f6126fca08d423f13ab91c6cc538531556bedc60a25cd2fa1de43303d86,0xa21037849678Af57f9865c6B9887F4e339f6377a,0x06012c8cf97BEaD5deAe237070F9587f8E7A266d,1517323157
489559,0x92de93a73aba61e59704754cfb4fa641ffd75476a6121c547ddfa42a38c45f70,0x9C89814BC229Ef3188ADd441EF9D2673A621d7bE,0xECde0842e309C4B2d15C074512404207335f3096,1517323332
489560,0xc340a8f974119587037a8c8d9332645e27033d6a67818984cba55abba4a5931f,0x25c6Bf07f3848D146AB24f815cf9a3B1C4a1F27D,0xECde0842e309C4B2d15C074512404207335f3096,1517323478
489561,0x5c41d0940c0448514ab447a94702c5ed2b4672c1573d7a0e0fa72239d4a975a3,0x05bE6E1F661DacD4630e1Ebe2fFCE5bfB962076f,0x39243a59d34169EeB0cAC2752a21B982408a0194,1517323538
489562,0xd68e3dacd779700f10c4cda19dcaccc2663507b372796240fc400c2c95d8993b,0xC5B373618D4D01a38f822F56cA6D2fF5080cC4f2,0xD18785571AE7F3b100e5B8788E3827120282f170,1517323612
489563,0x96e0db2c94d9cfc89368f8fb68560a54ee67ebe780b208642461071c0ab8c97c,0xD51b5990951622c15de735F8510C7dBD6d3d3804,0xECde0842e309C4B2d15C074512404207335f3096,1517323620
489564,0x04a2c9abdc001a33a2b2f72ddced3f4943ec56ac6cad80e9423f7c142c981ce7,0x05bE6E1F661DacD4630e1Ebe2fFCE5bfB962076f,0x39243a59d34169EeB0cAC2752a21B982408a0194,1517323705
489565,0xc81da7a73b072b7b644d8e617b254fe95fd00a1be06a52fdab297909a56e0f66,0x6fC9Bcb6091C01d6d2a530955E633b894aE48256,0xD18785571AE7F3b100e5B8788E3827120282f170,1517323722
489566,0x3d6629b87b3975591de1c287e0f6150ef2b47abdfb1082af89dc517ce48f6ec0,0xC5B373618D4D01a38f822F56cA6D2fF5080cC4f2,0xD18785571AE7F3b100e5B8788E3827120282f170,1517323775
489567,0x360ac9596afaed29787e77dfa2a9f23aa61e8ec268ffb4a4c4b7cd01974531bf,0xED9878336d5187949E4ca33359D2C47c846c9Dd3,0xD18785571AE7F3b100e5B8788E3827120282f170,1517323779
489568,0x360ac9596afaed29787e77dfa2a9f23aa61e8ec268ffb4a4c4b7cd01974531bf,0xED9878336d5187949E4ca33359D2C47c846c9Dd3,0xD18785571AE7F3b100e5B8788E3827120282f170,1517323779
489569,0xf3c26ce0f528bab09d0b6ff1332daccd34f143f807aa6a26aa16b920009df118,0x80cfD274937D40c5e3D0e910a81D3330f3C10898,0xD18785571AE7F3b100e5B8788E3827120282f170,1517323824
489570,0xf3c26ce0f528bab09d0b6ff1332daccd34f143f807aa6a26aa16b920009df118,0x80cfD274937D40c5e3D0e910a81D3330f3C10898,0xD18785571AE7F3b100e5B8788E3827120282f170,1517323824
489571,0x8353b4fa8b659ef746577f0bf92f3f4d32e7296549d58cff4bad7b1f29c44618,0xDe49de6739d54b43c80E8E0d15A4aDc2b35FbF11,0xECde0842e309C4B2d15C074512404207335f3096,1517323863
489572,0xd6ccbab8f6909040629391b8a91ee426afdddcf59a0e27c1bf05b14c89e83dcb,0xC5B373618D4D01a38f822F56cA6D2fF5080cC4f2,0xD18785571AE7F3b100e5B8788E3827120282f170,1517324011
489573,0x570f3eae465c46043a0b4999efd685c7a54dda465693d1388ed2862f58eadbff,0xa21037849678Af57f9865c6B9887F4e339f6377a,0x06012c8cf97BEaD5deAe237070F9587f8E7A266d,1517324078
489574,0x055f259990cf076bc05b67477ec19d92adb699cf4147001bb45cda940ecb64d2,0x80cfD274937D40c5e3D0e910a81D3330f3C10898,0xD18785571AE7F3b100e5B8788E3827120282f170,1517324177
489575,0x69234c2cd7b04071ca04d226ce71c2d25be72b1c9adcfd7a40094dfa91902fbd,0xED9878336d5187949E4ca33359D2C47c846c9Dd3,0xD18785571AE7F3b100e5B8788E3827120282f170,1517324177
489576,0x0b9c1def84713565943c7d2ac098260ba2aaaca8bda7290ed3576a41b6423fb7,0x6fC9Bcb6091C01d6d2a530955E633b894aE48256,0xD18785571AE7F3b100e5B8788E3827120282f170,1517324196
489577,0xe9d0e4c02aff2762f66383bf57d763be8b86eb770a2e4c3df6acb3fe13819856,0xC5B373618D4D01a38f822F56cA6D2fF5080cC4f2,0xD18785571AE7F3b100e5B8788E3827120282f170,1517324260
489578,0x4e07960892603c4f915598b44f40a11aca5e286b951c621c5cc9bb4a7684feca,0xED9878336d5187949E4ca33359D2C47c846c9Dd3,0xD18785571AE7F3b100e5B8788E3827120282f170,1517324363
489579,0xa2256af0caf9f9a2bcaac390437c35e5382642c4b8a95b495845b86316baa9db,0x80cfD274937D40c5e3D0e910a81D3330f3C10898,0xD18785571AE7F3b100e5B8788E3827120282f170,1517324449
489580,0x0360a3e0d76a68279600de1e9a6cfd82606f02cbfde7ceb1339af5a1ae3282f9,0xD51b5990951622c15de735F8510C7dBD6d3d3804,0xECde0842e309C4B2d15C074512404207335f3096,1517324459
489581,0x3d0b70801707947fc558d3c8f827a1814faf88a1be45644d447be352bbb1babd,0xC5B373618D4D01a38f822F56cA6D2fF5080cC4f2,0xD18785571AE7F3b100e5B8788E3827120282f170,1517324472
489582,0xe92933a7f34ad53831671a374e6b4d7b6841c6b374e8d62646745ec9d1d4671d,0xDe49de6739d54b43c80E8E0d15A4aDc2b35FbF11,0xECde0842e309C4B2d15C074512404207335f3096,1517324499
489583,0x555d48f1fbbdd927efb4f3cb865f139b28a9240e27ab5d9809df6fef9f9da094,0xb7F819B983E0CbB0316786d7FBa12E3b1E58DA5F,0x39243a59d34169EeB0cAC2752a21B982408a0194,1517324506
489584,0x2a9efe92b2c25c0153ab455144d7b07e30a10d9b17d4cf1f85c732b20e2d02b7,0x25c6Bf07f3848D146AB24f815cf9a3B1C4a1F27D,0xECde0842e309C4B2d15C074512404207335f3096,1517324532
489585,0xde52cee6352d104c90bb7d54d4673bfe5e50ecd988f5438e09e05a4f348c7f51,0xDe49de6739d54b43c80E8E0d15A4aDc2b35FbF11,0xECde0842e309C4B2d15C074512404207335f3096,1517324711
489586,0x35cb7deadde1db95b7aad1582ce29fb92c46b87361b32b2f45cd9ffb81c00680,0x05bE6E1F661DacD4630e1Ebe2fFCE5bfB962076f,0x39243a59d34169EeB0cAC2752a21B982408a0194,1517324751
489587,0x35cb7deadde1db95b7aad1582ce29fb92c46b87361b32b2f45cd9ffb81c00680,0x05bE6E1F661DacD4630e1Ebe2fFCE5bfB962076f,0x39243a59d34169EeB0cAC2752a21B982408a0194,1517324751
489588,0x35cb7deadde1db95b7aad1582ce29fb92c46b87361b32b2f45cd9ffb81c00680,0x05bE6E1F661DacD4630e1Ebe2fFCE5bfB962076f,0x39243a59d34169EeB0cAC2752a21B982408a0194,1517324751
489589,0xb9a8faa7290ce7da328de604caac1cacb893be28e154f30259fff1c7a5c166e3,0x05bE6E1F661DacD4630e1Ebe2fFCE5bfB962076f,0x39243a59d34169EeB0cAC2752a21B982408a0194,1517324883
489590,0xb9a8faa7290ce7da328de604caac1cacb893be28e154f30259fff1c7a5c166e3,0x05bE6E1F661DacD4630e1Ebe2fFCE5bfB962076f,0x39243a59d34169EeB0cAC2752a21B982408a0194,1517324883
489591,0x3be341506eba9f74f828b61130098c04c22d082478ec11abbc3f141d2f9fd543,0xa21037849678Af57f9865c6B9887F4e339f6377a,0x06012c8cf97BEaD5deAe237070F9587f8E7A266d,1517325011
489592,0x700751d3ddffa4add260671ed10a083255647d079c1818aed37df0551445e051,0x6fC9Bcb6091C01d6d2a530955E633b894aE48256,0xD18785571AE7F3b100e5B8788E3827120282f170,1517325037
489593,0x29ce0684ff4ed0f8411e805bbed75359e841511a98ebf28935e6e8ed14be9ade,0x25c6Bf07f3848D146AB24f815cf9a3B1C4a1F27D,0xECde0842e309C4B2d15C074512404207335f3096,1517325095
489594,0x19c76624e4f06acc88ce1639ac250ae65f316fb0d9c8b0c0cce99c20d8bf7b72,0x05bE6E1F661DacD4630e1Ebe2fFCE5bfB962076f,0x39243a59d34169EeB0cAC2752a21B982408a0194,1517325136
489595,0xdd4e9b8c6b4c3477b47877f17f97c4dfe12c4260bd6e5c307f009274aec13c77,0xD51b5990951622c15de735F8510C7dBD6d3d3804,0xECde0842e309C4B2d15C074512404207335f3096,1517325232
489596,0x5d3a4d5a4c915a39558084bf58ffece32181ed455344e80fd2b3bebfda37bbd5,0x74F42f97A229213343CBe0bE747DfE4b705876Cb,0x39243a59d34169EeB0cAC2752a21B982408a0194,1517325251
489597,0x8bf3727f1c46c795facceb6950fd3b3109997593d1dbb476c557de17aa784921,0x25c6Bf07f3848D146AB24f815cf9a3B1C4a1F27D,0xECde0842e309C4B2d15C074512404207335f3096,1517325342
489598,0x2d55faa2d2d2b423f2be8ba954137abd7cb44d776008c207a54c57b3032b6cc8,0xED9878336d5187949E4ca33359D2C47c846c9Dd3,0xD18785571AE7F3b100e5B8788E3827120282f170,1517325394
489599,0x81c237e21c5cae0fce08d82e3a15c3c3773ac59dfb0d389a612a6b05b8a7a8cf,0xDe49de6739d54b43c80E8E0d15A4aDc2b35FbF11,0xECde0842e309C4B2d15C074512404207335f3096,1517325447
489600,0xc61e26a7a32f63f96b12e9a427b5586767a85e299f16981854b016b830f90494,0xDe49de6739d54b43c80E8E0d15A4aDc2b35FbF11,0xECde0842e309C4B2d15C074512404207335f3096,1517325723
489601,0xe7fa881edddc95380c873abeed8ce9e167ecaeb3e5ca779d291a391beef07ae9,0x74F42f97A229213343CBe0bE747DfE4b705876Cb,0x39243a59d34169EeB0cAC2752a21B982408a0194,1517325771
489602,0x2bc04ac8790d82b1b8ccaf874d5612c4d4d6c412a9580bacadbe541b1ece1ba1,0xb7F819B983E0CbB0316786d7FBa12E3b1E58DA5F,0x39243a59d34169EeB0cAC2752a21B982408a0194,1517325773
489603,0x2bc04ac8790d82b1b8ccaf874d5612c4d4d6c412a9580bacadbe541b1ece1ba1,0xb7F819B983E0CbB0316786d7FBa12E3b1E58DA5F,0x39243a59d34169EeB0cAC2752a21B982408a0194,1517325773
489604,0x470c0652389e12718ad0fecdc8ccbdc0f434b9883d136be7521ec44dd0aa1ee6,0xb7F819B983E0CbB0316786d7FBa12E3b1E58DA5F,0x39243a59d34169EeB0cAC2752a21B982408a0194,1517325837
489605,0x4dd2e904b7b0abc286a650e45aed8b37ae404cc40b93ebda739588d29b10bfa5,0xa21037849678Af57f9865c6B9887F4e339f6377a,0x06012c8cf97BEaD5deAe237070F9587f8E7A266d,1517325868
489606,0xda4446ff1134f6d8a4a4b40671a161f5bcfe4e28b076ac7b79c5eebc90a587cf,0x80cfD274937D40c5e3D0e910a81D3330f3C10898,0xD18785571AE7F3b100e5B8788E3827120282f170,1517325890
489607,0x0f2852b8ed34671a52a67cf4a79ca388c9d6128059e2e69dc23da628b4a9573d,0xb7F819B983E0CbB0316786d7FBa12E3b1E58DA5F,0x39243a59d34169EeB0cAC2752a21B982408a0194,1517326057
489608,0xe192c65d207b48950934b5a0e1987fff56ff7fa512a577b44f4052a539a91f04,0xC5B373618D4D01a38f822F56cA6D2fF5080cC4f2,0xD18785571AE7F3b100e5B8788E3827120282f170,1517326075
489609,0x28ba0d268b9f0b5489e0849110e12c643a9351ab5c063f14e73f0d8cb62cad87,0xED9878336d5187949E4ca33359D2C47c846c9Dd3,0xD18785571AE7F3b100e5B8788E3827120282f170,1517326115
489610,0x8937051dd29b3419f86fd334c2b7636c30f2bed44c46f996756a8a1bddc46db3,0xb7F819B983E0CbB0316786d7FBa12E3b1E58DA5F,0x39243a59d34169EeB0cAC2752a21B982408a0194,1517326139
489611,0x9edae8fb2aad107298a475c218a4146fdc05edd584972667664f6529bc8cc1e2,0x6fC9Bcb6091C01d6d2a530955E633b894aE48256,0xD18785571AE7F3b100e5B8788E3827120282f170,1517326148
489612,0x1fd146dac144acc161235018d13947e1c4e8a4f9f89f6da8b62e2eea961da682,0xb7F819B983E0CbB0316786d7FBa12E3b1E58DA5F,0x39243a59d34169EeB0cAC2752a21B982408a0194,1517326229
489613,0x8ac8e3d00f9466fa139c5887fcfc43790bdf4053b0509dc53b174b671315d75c,0xED9878336d5187949E4ca33359D2C47c846c9Dd3,0xD18785571AE7F3b100e5B8788E3827120282f170,1517326346
489614,0x9e5ec11e70a7f1b11ca22750b3615ff6500364ef487c88ac6f32e656d548a438,0xb7F819B983E0CbB0316786d7FBa12E3b1E58DA5F,0x39243a59d34169EeB0cAC2752a21B982408a0194,1517326618
489615,0x19e36845f6377ec3b5f09008b8ff09c683fd017b0f7be97ae06cdd6a54a4a20b,0xb7F819B983E0CbB0316786d7FBa12E3b1E58DA5F,0x39243a59d34169EeB0cAC2752a21B982408a0194,1517326645
489616,0x19e36845f6377ec3b5f09008b8ff09c683fd017b0f7be97ae06cdd6a54a4a20b,0xb7F819B983E0CbB0316786d7FBa12E3b1E58DA5F,0x39243a59d34169EeB0cAC2752a21B982408a0194,1517326645
489617,0xae13c2105e66c812ba8d51d3446ccc9958f45c75485fb1a259928ae12190e534,0x74F42f97A229213343CBe0bE747DfE4b705876Cb,0x06012c8cf97BEaD5deAe237070F9587f8E7A266d,1517326716
489618,0x7cf262961282e380f5d9a53ef3f7d287cf04a27c810bad14fd325dadbfde4ea0,0x9C89814BC229Ef3188ADd441EF9D2673A621d7bE,0xECde0842e309C4B2d15C074512404207335f3096,1517326738
489619,0x1dd9f92645c15545e2380f06b55fcdb9c136c1289b8e701b8e3a0bef8cc94e47,0xa21037849678Af57f9865c6B9887F4e339f6377a,0x06012c8cf97BEaD5deAe237070F9587f8E7A266d,1517326754
489620,0x37a25cac4d7a8766be23fd10c190af1752f3bac307fe591aadee9e0fc4dcefaf,0x74F42f97A229213343CBe0bE747DfE4b705876Cb,0x06012c8cf97BEaD5deAe237070F9587f8E7A266d,1517326778
489621,0x2ab4ef362c9a707e7be01e3a5b6b80ac7eb69867e8ecb97659c6d23c4a6c00b0,0x6fC9Bcb6091C01d6d2a530955E633b894aE48256,0xD18785571AE7F3b100e5B8788E3827120282f170,1517326865
489622,0x0cfba3a6eedf51fe37715ec0d3e6aa53598f6c46431e3b4859c3aa98e7fa92c4,0xC5B373618D4D01a38f822F56cA6D2fF5080cC4f2,0xD18785571AE7F3b100e5B8788E3827120282f170,1517327007
489623,0x7c4a092b807b3bb889225723b17e90d6093dcd1459363261a8a7f03c81dc4b50,0x9C89814BC229Ef3188ADd441EF9D2673A621d7bE,0xECde0842e309C4B2d15C074512404207335f3096,1517327125
489624,0x1639c98b5c9644d336fc5480d710beee4b3f876dbad817fe96d7fe210a8e97ba,0x80cfD274937D40c5e3D0e910a81D3330f3C10898,0xD18785571AE7F3b100e5B8788E3827120282f170,1517327174
489625,0x95f17516d1fec88177a1756a231eac2cf43ea249b0febc9f23b04440d90f8f6f,0x6fC9Bcb6091C01d6d2a530955E633b894aE48256,0xD18785571AE7F3b100e5B8788E3827120282f170,1517327221
489626,0x95f17516d1fec88177a1756a231eac2cf43ea249b0febc9f23b04440d90f8f6f,0x6fC9Bcb6091C01d6d2a530955E633b894aE48256,0xD18785571AE7F3b100e5B8788E3827120282f170,1517327221
489627,0xd6a88c31ed715e1c0e244f837104a85d6f64cf189c0300bf2c6090ec99ae4402,0xC5B373618D4D01a38f822F56cA6D2fF5080cC4f2,0xD18785571AE7F3b100e5B8788E3827120282f170,1517327313
489628,0x41a06589c3bc42eab7c1215066f0b5c203a99d8c6ec5028ddf10d5850b08eeaf,0xED9878336d5187949E4ca33359D2C47c846c9Dd3,0xD18785571AE7F3b100e5B8788E3827120282f170,1517327326
489629,0x830a4478c960693078d0b2f29c743f57da69191d03ff5809b3385c6ad2dcc056,0x80cfD274937D40c5e3D0e910a81D3330f3C10898,0xD18785571AE7F3b100e5B8788E3827120282f170,1517327505
489630,0x830a4478c960693078d0b2f29c743f57da69191d03ff5809b3385c6ad2dcc056,0x80cfD274937D40c5e3D0e910a81D3330f3C10898,0xD18785571AE7F3b100e5B8788E3827120282f170,1517327505
489631,0x975b046e6aafb15fb26d9649a14e57574746004aab4c5ef4a4235b0a8f636a1a,0xb7F819B983E0CbB0316786d7FBa12E3b1E58DA5F,0x39243a59d34169EeB0cAC2752a21B982408a0194,1517327549
489632,0xf76a06252e753de18f33b451d7a9d1f8d6ff678019bd34b89f6bf58e1caafc20,0xC5B373618D4D01a38f822F56cA6D2fF5080cC4f2,0xD18785571AE7F3b100e5B8788E3827120282f170,1517327588
489633,0xf76a06252e753de18f33b451d7a9d1f8d6ff678019bd34b89f6bf58e1caafc20,0xC5B373618D4D01a38f822F56cA6D2fF5080cC4f2,0xD18785571AE7F3b100e5B8788E3827120282f170,1517327588
489634,0xcf16cd79480ae36c86a47b4e5bccbec5fc7a21337d933642cc1c4c2419f6e08b,0xED9878336d5187949E4ca33359D2C47c846c9Dd3,0xD18785571AE7F3b100e5B8788E3827120282f170,1517327600
489635,0x394fb57643096c86b5a726abdfd5e731adf6c518a1f0635b82eccdce25e55310,0x74F42f97A229213343CBe0bE747DfE4b705876Cb,0x39243a59d34169EeB0cAC2752a21B982408a0194,1517327617
489636,0x3229ae6fae04e25a3f7e6b110742566d500ea37547418609ca4b7222ede40b69,0xb7F819B983E0CbB0316786d7FBa12E3b1E58DA5F,0x39243a59d34169EeB0cAC2752a21B982408a0194,1517327621
489637,0x08616ba2e506932832c21b72cf1b8578a92cce9dd0f3655216fb1ac0511919d3,0xC5B373618D4D01a38f822F56cA6D2fF5080cC4f2,0xD18785571AE7F3b100e5B8788E3827120282f170,1517327650
489638,0x371b99e410977114c5d7c9b256ba0b80313be95c5131db7787381e6fdf37515f,0xa21037849678Af57f9865c6B9887F4e339f6377a,0x06012c8cf97BEaD5deAe237070F9587f8E7A266d,1517327666
489639,0xa57da702bfd1764516ef96b98b7c41ce3a74011753b7bb27bd1c20739958b267,0xED9878336d5187949E4ca33359D2C47c846c9Dd3,0xD18785571AE7F3b100e5B8788E3827120282f170,1517327732
489640,0x65e678ec3e445bfaadcfa1e277d71d6f3406a51611afe0822825db340ca0a04c,0x80cfD274937D40c5e3D0e910a81D3330f3C10898,0xD18785571AE7F3b100e5B8788E3827120282f170,1517327750
489641,0xfc267cf78bc20ea720a80ec2aab58462c65799b4fa2de1ccd476d070ef3353fd,0x6fC9Bcb6091C01d6d2a530955E633b894aE48256,0xD18785571AE7F3b100e5B8788E3827120282f170,1517327792
489642,0x32b52b0870742c54ae117f5b4bf72b419fda63429df840c7a16476587da5e28f,0xC5B373618D4D01a38f822F56cA6D2fF5080cC4f2,0xD18785571AE7F3b100e5B8788E3827120282f170,1517327815
489643,0x2676a09cf9ff20c7aef11e92494e21fd60949600bdda5921fd80b1f17ec3f0c5,0xED9878336d5187949E4ca33359D2C47c846c9Dd3,0xD18785571AE7F3b100e5B8788E3827120282f170,1517327971
489644,0x7b266847e9519cb0ad7a58d3b029f4aa23341f4dc392b0c30527854c47e44477,0x80cfD274937D40c5e3D0e910a81D3330f3C10898,0xD18785571AE7F3b100e5B8788E3827120282f170,1517327975
489645,0xd91ae0026541c33a5dbcc01599447846221a5c5d46f2503e18d90a43fac5296b,0x74F42f97A229213343CBe0bE747DfE4b705876Cb,0x39243a59d34169EeB0cAC2752a21B982408a0194,1517328036
489646,0x1cdb0f7b9d62e099d847766731f9a50fecb002a560e10d671b352cf8b9b42fe1,0xD51b5990951622c15de735F8510C7dBD6d3d3804,0xECde0842e309C4B2d15C074512404207335f3096,1517328087
489647,0xf6769a09252c7877b620b1d46fc403e769a3933d2495cfb00a676a8efa6a32e0,0xb7F819B983E0CbB0316786d7FBa12E3b1E58DA5F,0x39243a59d34169EeB0cAC2752a21B982408a0194,1517328116
489648,0xf065acd3b07c800b8b9d6064d380c723d7cf31d37a4d2b58e2e003eefbe28609,0xED9878336d5187949E4ca33359D2C47c846c9Dd3,0xD18785571AE7F3b100e5B8788E3827120282f170,1517328168
489649,0x21fe86a4d530d0fa823732e1ddd5c3afe8e86cf4138fed402df9b4bd127d56a7,0x80cfD274937D40c5e3D0e910a81D3330f3C10898,0xD18785571AE7F3b100e5B8788E3827120282f170,1517328233
489650,0x2eb50d5340b7012fbfffc74ec72909b02da5e9652407ac0715bd200e4071ed80,0xD51b5990951622c15de735F8510C7dBD6d3d3804,0xECde0842e309C4B2d15C074512404207335f3096,1517328304
489651,0x78a08fae210d0734d1ca8b0d7fdab5a259d180a5406d00d504cdb35b4c49618e,0xC5B373618D4D01a38f822F56cA6D2fF5080cC4f2,0xD18785571AE7F3b100e5B8788E3827120282f170,1517328389
489652,0x599addf1b4d395653469f8c6df28bff0983578cab5270c5be9c2dbe794ce6edc,0xED9878336d5187949E4ca33359D2C47c846c9Dd3,0xD18785571AE7F3b100e5B8788E3827120282f170,1517328400
489653,0x2a169bb82d7b11661d8acd954f268a4dd08a74eed05c8b0b7c29326732f8c90f,0x9C89814BC229Ef3188ADd441EF9D2673A621d7bE,0xECde0842e309C4B2d15C074512404207335f3096,1517328447
489654,0x3f7f935cf79bb3e9c8a5f93ca41e03c0e53f26dd616db64401efb619cc4094a3,0x6fC9Bcb6091C01d6d2a530955E633b894aE48256,0xD18785571AE7F3b100e5B8788E3827120282f170,1517328461
489655,0x182d0b3daec3dd8da892b0f9eb0ab2d63e1e087a3b3c24b22f391c20b7ead008,0xa21037849678Af57f9865c6B9887F4e339f6377a,0x06012c8cf97BEaD5deAe237070F9587f8E7A266d,1517328559
489656,0x1349183de9b64a962c07efae5b89e5cfe9577744ef2dcd537c63b828e60a482c,0xC5B373618D4D01a38f822F56cA6D2fF5080cC4f2,0xD18785571AE7F3b100e5B8788E3827120282f170,1517328641
489657,0x5812cac7be1fd1351df9b7566b1b3b7e0efeb37a77ad2551b0f1bf932f66bee3,0x74F42f97A229213343CBe0bE747DfE4b705876Cb,0x39243a59d34169EeB0cAC2752a21B982408a0194,1517328664
489658,0x009076688ec0c34728262f8d61b66e817fafdfac462a9ab2fe7cd02e1ddf25b2,0x9C89814BC229Ef3188ADd441EF9D2673A621d7bE,0xECde0842e309C4B2d15C074512404207335f3096,1517328989
489659,0x2d0673fe7d1ef492d5c2466afc20c64ab531d0d5d3bbea61ffd2b83aedc36e85,0x6fC9Bcb6091C01d6d2a530955E633b894aE48256,0xD18785571AE7F3b100e5B8788E3827120282f170,1517329017
489660,0x07ad6c263d8b26bb422f832b5914ba7321888638eabc844de34bbd903635bdd0,0x9C89814BC229Ef3188ADd441EF9D2673A621d7bE,0xECde0842e309C4B2d15C074512404207335f3096,1517329122
489661,0x07ad6c263d8b26bb422f832b5914ba7321888638eabc844de34bbd903635bdd0,0x9C89814BC229Ef3188ADd441EF9D2673A621d7bE,0xECde0842e309C4B2d15C074512404207335f3096,1517329122
489662,0x19994151b584c9b9b4a2e8fc7016a49909584f6ec2243705826d8edc273ff341,0x74F42f97A229213343CBe0bE747DfE4b705876Cb,0x39243a59d34169EeB0cAC2752a21B982408a0194,1517329136
489663,0x0115f7dcb705d378b8663c6415adc8656e172675237697809373b3eee565eb8b,0xb7F819B983E0CbB0316786d7FBa12E3b1E58DA5F,0x39243a59d34169EeB0cAC2752a21B982408a0194,1517329158
489664,0x03cca4f4d8e0dc81a87cdb76c76d8ef17f39c9f37c7fede9464f170aab96ba88,0xb7F819B983E0CbB0316786d7FBa12E3b1E58DA5F,0x39243a59d34169EeB0cAC2752a21B982408a0194,1517329175
489665,0x176d38e9740d194ced9b4a8e14d4e3c94e251e039b641632c8785912c1c87a47,0xDe49de6739d54b43c80E8E0d15A4aDc2b35FbF11,0xECde0842e309C4B2d15C074512404207335f3096,1517329378
489666,0x34dc2c9df2d6babce03443f9db59fc07580f824ba27d404e21a676e454f47b8a,0xDe49de6739d54b43c80E8E0d15A4aDc2b35FbF11,0xECde0842e309C4B2d15C074512404207335f3096,1517329495
489667,0x7ebe7a122a27e68e66b317293add7157e6deb1988fa771d28e33ca83121fdeb4,0xa21037849678Af57f9865c6B9887F4e339f6377a,0x06012c8cf97BEaD5deAe237070F9587f8E7A266d,1517329500
489668,0x8d77a77deab85276b73a55a0a969fb31bbe116bcfcd5d62e5661a5c2055e4e72,0xD51b5990951622c15de735F8510C7dBD6d3d3804,0xECde0842e309C4B2d15C074512404207335f3096,1517329532
489669,0xeb1ef0df8d57414b219a56c56f4abb30a2aaeeb762ee9dc6f95264af9457a1cc,0x80cfD274937D40c5e3D0e910a81D3330f3C10898,0xD18785571AE7F3b100e5B8788E3827120282f170,1517329554
489670,0x667759e1b8a40df2a1e46b2703b5f8d1334197f085dfefe30830315a3668b313,0xC5B373618D4D01a38f822F56cA6D2fF5080cC4f2,0xD18785571AE7F3b100e5B8788E3827120282f170,1517329650
489671,0x985311489d412af3359df641758dcffaa261a46d415776c20c596a107bc63b74,0x25c6Bf07f3848D146AB24f815cf9a3B1C4a1F27D,0xECde0842e309C4B2d15C074512404207335f3096,1517329678
489672,0x6e8b4771f50b1015892d5c8ef419bb2456327bfe358bfeb7c959a36c9d6a2010,0xDe49de6739d54b43c80E8E0d15A4aDc2b35FbF11,0xECde0842e309C4B2d15C074512404207335f3096,1517329705
489673,0x6e8b4771f50b1015892d5c8ef419bb2456327bfe358bfeb7c959a36c9d6a2010,0xDe49de6739d54b43c80E8E0d15A4aDc2b35FbF11,0xECde0842e309C4B2d15C074512404207335f3096,1517329705
489674,0xfb51ad22acc52d314fb24d2b9ee43652cd02a12b1c1f5a47926055f3c293714d,0x05bE6E1F661DacD4630e1Ebe2fFCE5bfB962076f,0x39243a59d34169EeB0cAC2752a21B982408a0194,1517329938
489675,0x8b41d613131f14e7cc6ef46cd624c41f587dcf8254eb89fae43df96e66112ea2,0xC5B373618D4D01a38f822F56cA6D2fF5080cC4f2,0xD18785571AE7F3b100e5B8788E3827120282f170,1517329968
489676,0x8828645ace6ee8109bb0572eaaaed595704aa4b5cddb76b1b3b9e6897a2158da,0x05bE6E1F661DacD4630e1Ebe2fFCE5bfB962076f,0x39243a59d34169EeB0cAC2752a21B982408a0194,1517330021
489677,0x7a37cb9423cdcabac6891f861345dc66b4f1aaf69ca28c8d690be43627e686ea,0xb7F819B983E0CbB0316786d7FBa12E3b1E58DA5F,0x39243a59d34169EeB0cAC2752a21B982408a0194,1517330034
489678,0xe76396e80e254a57e8fa7ded5eacaae967862ed057fd87b2ecea99e7c510b7cc,0xDe49de6739d54b43c80E8E0d15A4aDc2b35FbF11,0xECde0842e309C4B2d15C074512404207335f3096,1517330081
489679,0x5ea9bee3f1d27890baec9577b2a9e6a1b8a02477870393cdbc8acd5b7e3e2ac8,0xD51b5990951622c15de735F8510C7dBD6d3d3804,0xECde0842e309C4B2d15C074512404207335f3096,1517330129
489680,0xf1f28351a24fe0d87ccd1affa3d0a0b76ac216b6ae871b6f58ca0715795e05ff,0x80cfD274937D40c5e3D0e910a81D3330f3C10898,0xD18785571AE7F3b100e5B8788E3827120282f170,1517330141
489681,0x5da76661d45191228b8286eb44edc71aa17f50c4eee85f289fec4013743599b6,0xC5B373618D4D01a38f822F56cA6D2fF5080cC4f2,0xD18785571AE7F3b100e5B8788E3827120282f170,1517330173
489682,0xc10996ac9b39d85d0e5551302e9f19d96a45e7a8eaf0a4e8d876e06b2c302c16,0xED9878336d5187949E4ca33359D2C47c846c9Dd3,0xD18785571AE7F3b100e5B8788E3827120282f170,1517330189
489683,0x92e6144185404af29d79ec141803365fbfd5f765126512da0b5da9a482a0a0cf,0x6fC9Bcb6091C01d6d2a530955E633b894aE48256,0xD18785571AE7F3b100e5B8788E3827120282f170,1517330275
489684,0x35908214764a6c89944f3e13bef2134880580b9656bd3794b08806bfaa657467,0xa21037849678Af57f9865c6B9887F4e339f6377a,0x06012c8cf97BEaD5deAe237070F9587f8E7A266d,1517330353
489685,0xdc9377e06bce69424edb56421f4ef936ae040d17e2b001d60cf3c4a6a01d1e49,0x80cfD274937D40c5e3D0e910a81D3330f3C10898,0xD18785571AE7F3b100e5B8788E3827120282f170,1517330363
489686,0x66ebdacadabd9744292238bd7d6c7d7117f631eca6dcb1c5098b8b0d1642a43b,0xC5B373618D4D01a38f822F56cA6D2fF5080cC4f2,0xD18785571AE7F3b100e5B8788E3827120282f170,1517330396
489687,0xf1109d753712c2a01dd0c06abf8d59355819d1dd76701fc2dac46a0825019775,0xED9878336d5187949E4ca33359D2C47c846c9Dd3,0xD18785571AE7F3b100e5B8788E3827120282f170,1517330624
489688,0xbc9a5651b33edd3f36a3b36ae876e336ff65fb54cff28906ff9fef196af44838,0xb7F819B983E0CbB0316786d7FBa12E3b1E58DA5F,0x39243a59d34169EeB0cAC2752a21B982408a0194,1517330654
489689,0x19919c8f41554af97e6508fdd3b1b89987eca0a30409c34cba3cd8281b0cad35,0x9C89814BC229Ef3188ADd441EF9D2673A621d7bE,0xECde0842e309C4B2d15C074512404207335f3096,1517330712
489690,0x7421605a6ce52173e5dae77739a4dc7a8d8786169cf33de96de3e7833bbba6ff,0x80cfD274937D40c5e3D0e910a81D3330f3C10898,0xD18785571AE7F3b100e5B8788E3827120282f170,1517331025
489691,0x1148bb94b00ef77b324b71c5cb84490f8c4ec072ea295e25079478935a424eae,0xC5B373618D4D01a38f822F56cA6D2fF5080cC4f2,0xD18785571AE7F3b100e5B8788E3827120282f170,1517331066
489692,0xa30aaf1a076f9a8f4657fbe7c403a0c4f6e85cc0f6ca5a00d8e709c67e479560,0x05bE6E1F661DacD4630e1Ebe2fFCE5bfB962076f,0x39243a59d34169EeB0cAC2752a21B982408a0194,1517331149
489693,0xa30aaf1a076f9a8f4657fbe7c403a0c4f6e85cc0f6ca5a00d8e709c67e479560,0x05bE6E1F661DacD4630e1Ebe2fFCE5bfB962076f,0x39243a59d34169EeB0cAC2752a21B982408a0194,1517331149
489694,0xa30aaf1a076f9a8f4657fbe7c403a0c4f6e85cc0f6ca5a00d8e709c67e479560,0x05bE6E1F661DacD4630e1Ebe2fFCE5bfB962076f,0x39243a59d34169EeB0cAC2752a21B982408a0194,1517331149
489695,0x4596f19b9c4fbbbeca714d0711dbfd3943ee386e4ce0a3a9ffb71e9fd04552aa,0x25c6Bf07f3848D146AB24f815cf9a3B1C4a1F27D,0xECde0842e309C4B2d15C074512404207335f3096,1517331190
489696,0x976cf4d9ad27c003e3a970ad98b4edd695cfbc972d592df1c8177353934f92a2,0x80cfD274937D40c5e3D0e910a81D3330f3C10898,0xD18785571AE7F3b100e5B8788E3827120282f170,1517331293
489697,0xa70ad5d236b2a891802e170a3dd883861c0804332905e9776e3c2d319f179566,0xa21037849678Af57f9865c6B9887F4e339f6377a,0x06012c8cf97BEaD5deAe237070F9587f8E7A266d,1517331293
489698,0xbeec9f00b15946018a2be11e1d6e9c85a626496312236623e1d3f767450f154e,0xC5B373618D4D01a38f822F56cA6D2fF5080cC4f2,0xD18785571AE7F3b100e5B8788E3827120282f170,1517331333
489699,0x0460e7a510f9eae9e19d2e6b41d3be3b1d4f229c5a914417a761006ba8edb217,0x25c6Bf07f3848D146AB24f815cf9a3B1C4a1F27D,0xECde0842e309C4B2d15C074512404207335f3096,1517331345
489700,0x2231eca542973516588ec36144bcd98d092488f31342e57238cdff1973061b44,0x6fC9Bcb6091C01d6d2a530955E633b894aE48256,0xD18785571AE7F3b100e5B8788E3827120282f170,1517331480
489701,0x8cd3bf944dc7d9dddaf2d2638962aae00adf69fceb13b26746bdd9d4cf81291f,0x80cfD274937D40c5e3D0e910a81D3330f3C10898,0xD18785571AE7F3b100e5B8788E3827120282f170,1517331495
489702,0xa4297e96c66a1edf08f23a4062ecc91b6899e87561d8de0f05997c566ac1b561,0xC5B373618D4D01a38f822F56cA6D2fF5080cC4f2,0xD18785571AE7F3b100e5B8788E3827120282f170,1517331501
489703,0xd04a583ad9226f1d52fad9cd87f402ec1092490d9d1064ec648e75f69f213065,0xED9878336d5187949E4ca33359D2C47c846c9Dd3,0xD18785571AE7F3b100e5B8788E3827120282f170,1517331527
489704,0x97f5ce8e301667b6be1c22925352f0b29e0ae3baa5d3a3c0be4a1ce9db6ff55e,0x05bE6E1F661DacD4630e1Ebe2fFCE5bfB962076f,0x39243a59d34169EeB0cAC2752a21B982408a0194,1517331588
489705,0x0203a008c2b03fc46a5d6070200e01767e74944b20c7d36f6e9c38b96c223936,0xDe49de6739d54b43c80E8E0d15A4aDc2b35FbF11,0xECde0842e309C4B2d15C074512404207335f3096,1517331660
489706,0x9c6b83dffd16f7dce155d2cb81ac526ae6501672b0ec49b608de310ca42c07d6,0xb7F819B983E0CbB0316786d7FBa12E3b1E58DA5F,0x39243a59d34169EeB0cAC2752a21B982408a0194,1517331665
489707,0xb162031414887bce74aea5fcba39523c71f5b0772973de5a4d839e3ab27fb8dd,0xD51b5990951622c15de735F8510C7dBD6d3d3804,0xECde0842e309C4B2d15C074512404207335f3096,1517331686
489708,0x93a023d5e5064089acc9966f64269ecc7da61f87440d56f78d45b1d842d61068,0x6fC9Bcb6091C01d6d2a530955E633b894aE48256,0xD18785571AE7F3b100e5B8788E3827120282f170,1517331716
489709,0x58dc2fa0aca5bf62e0f0078529b4a1bc887fe1cba377f6512621d68d271ef05c,0x05bE6E1F661DacD4630e1Ebe2fFCE5bfB962076f,0x39243a59d34169EeB0cAC2752a21B982408a0194,1517331858
489710,0x6befc3a8139f3053cda31ac90c1912fb427d72e0b4010b96ed6be833068e2ed4,0xb7F819B983E0CbB0316786d7FBa12E3b1E58DA5F,0x39243a59d34169EeB0cAC2752a21B982408a0194,1517331982
489711,0x02f09ce5dabf297d0c3ead5cc75b6360502e89718b2cd33a099d7b0a5c4340e3,0x05bE6E1F661DacD4630e1Ebe2fFCE5bfB962076f,0x39243a59d34169EeB0cAC2752a21B982408a0194,1517332075
489712,0x382e4d3956d240ad18dbe80fb8961ce59d2f0a7f4dede06d45fc118e1027adc8,0x9C89814BC229Ef3188ADd441EF9D2673A621d7bE,0xECde0842e309C4B2d15C074512404207335f3096,1517332113
489713,0xcec408d613ccdfc561472fcd8706e3defbc5867ba7e4763d82dafdba751824ec,0x25c6Bf07f3848D146AB24f815cf9a3B1C4a1F27D,0xECde0842e309C4B2d15C074512404207335f3096,1517332115
489714,0x33f5336024aded1f8dd36b5340a05ef151ea4eb45a7bdccdbcda456f37395c4f,0xDe49de6739d54b43c80E8E0d15A4aDc2b35FbF11,0xECde0842e309C4B2d15C074512404207335f3096,1517332147
489715,0x75eff39a35f8c758c2f23f4d4dc47c4bf90f0d4b718b78577bad9842c61bf984,0xa21037849678Af57f9865c6B9887F4e339f6377a,0x06012c8cf97BEaD5deAe237070F9587f8E7A266d,1517332161
489716,0x38fa40e9cd220d448cf790bab632774786c938cf55c19ab86a296dca1b13517d,0x80cfD274937D40c5e3D0e910a81D3330f3C10898,0xD18785571AE7F3b100e5B8788E3827120282f170,1517332185
489717,0xb5126e5d7a745c62dd6d31aa9402dac63d62aeb2a57277dd38c3ace8e384a8a9,0xb7F819B983E0CbB0316786d7FBa12E3b1E58DA5F,0x39243a59d34169EeB0cAC2752a21B982408a0194,1517332203
489718,0x1faa2601273b46bf8ef5982e31862018912be29d580094fef99fc26896158ae4,0xD51b5990951622c15de735F8510C7dBD6d3d3804,0xECde0842e309C4B2d15C074512404207335f3096,1517332228
489719,0x3bbb82c40bf2b317c8823d37b9804508ee2fbdf33aa6305d477d7e2068999478,0xED9878336d5187949E4ca33359D2C47c846c9Dd3,0xD18785571AE7F3b100e5B8788E3827120282f170,1517332241
489720,0x43b2465236c27d9a43716239376bbba63bda58987103221223d63d5c90c5de60,0x6fC9Bcb6091C01d6d2a530955E633b894aE48256,0xD18785571AE7F3b100e5B8788E3827120282f170,1517332257
489721,0x03d9ddfe73211e66fd1cee78924f0a50f292f33ccf515924cc23606dc481f6b7,0x25c6Bf07f3848D146AB24f815cf9a3B1C4a1F27D,0xECde0842e309C4B2d15C074512404207335f3096,1517332261
489722,0x2f5f77cf7c94a336a75e96cedb7fc9a7a77cd68f5af967576f8b0240282591d6,0x9C89814BC229Ef3188ADd441EF9D2673A621d7bE,0xECde0842e309C4B2d15C074512404207335f3096,1517332297
489723,0x5e72b606b84669bf926d698beb7062ace84ad2df26560f7b182b6f69f87d29db,0x25c6Bf07f3848D146AB24f815cf9a3B1C4a1F27D,0xECde0842e309C4B2d15C074512404207335f3096,1517332312
489724,0x5e72b606b84669bf926d698beb7062ace84ad2df26560f7b182b6f69f87d29db,0x25c6Bf07f3848D146AB24f815cf9a3B1C4a1F27D,0xECde0842e309C4B2d15C074512404207335f3096,1517332312
489725,0x8275b4ae7909c61252f17afea4418e4a4c05117fdcbf21f6e87f55df5f25c68f,0x6fC9Bcb6091C01d6d2a530955E633b894aE48256,0xD18785571AE7F3b100e5B8788E3827120282f170,1517332389
489726,0x3b1ec58d86b44e23515c925956c7f3ca7801111ae5b0e30c9af6a17294ab2c03,0x80cfD274937D40c5e3D0e910a81D3330f3C10898,0xD18785571AE7F3b100e5B8788E3827120282f170,1517332413
489727,0x36cdef847ae7fea0f8857ba6e73de137cea01ddfcac49190075b2a3c28a9b6f1,0x74F42f97A229213343CBe0bE747DfE4b705876Cb,0x39243a59d34169EeB0cAC2752a21B982408a0194,1517332429
489728,0x36cdef847ae7fea0f8857ba6e73de137cea01ddfcac49190075b2a3c28a9b6f1,0x74F42f97A229213343CBe0bE747DfE4b705876Cb,0x39243a59d34169EeB0cAC2752a21B982408a0194,1517332429
489729,0x5608c97005470176edacda12aa0a2beba627f5c3c3469c2333562d88e387dc94,0x25c6Bf07f3848D146AB24f815cf9a3B1C4a1F27D,0xECde0842e309C4B2d15C074512404207335f3096,1517332509
489730,0xf65470f31e525cdac8654b76f153e44771a34ce21f6d5bdafc7754fbedd7cffa,0xb7F819B983E0CbB0316786d7FBa12E3b1E58DA5F,0x39243a59d34169EeB0cAC2752a21B982408a0194,1517332516
489731,0x1a215fcddfd3c8c5f4991a812e0d213e01f2b6afe45febc725bbd8fc964fdecb,0x25c6Bf07f3848D146AB24f815cf9a3B1C4a1F27D,0xECde0842e309C4B2d15C074512404207335f3096,1517332578
489732,0x04fd87125277102cad81db4e93350ba0da633a29c359d7840986d63f0fa5f7a5,0xC5B373618D4D01a38f822F56cA6D2fF5080cC4f2,0xD18785571AE7F3b100e5B8788E3827120282f170,1517332721
489733,0x9994f228749c61fa1d8303fb21ef31aee047b223d42917beb01fd805dc5cb190,0x6fC9Bcb6091C01d6d2a530955E633b894aE48256,0xD18785571AE7F3b100e5B8788E3827120282f170,1517332867
489734,0x9a03879c9cea9010eb7fbdbfcbc5d7371f823e3ab9bc7dbe12c4563ad84a1c12,0x25c6Bf07f3848D146AB24f815cf9a3B1C4a1F27D,0xECde0842e309C4B2d15C074512404207335f3096,1517332888
489735,0x6b204870ae165f28e460dd297b1064033922d3d70490ca08869519853cd39213,0xa21037849678Af57f9865c6B9887F4e339f6377a,0x06012c8cf97BEaD5deAe237070F9587f8E7A266d,1517333053
489736,0x0edeedbdcf9c0f3123ac9cd945078adc48d708013b6703cb99bbbd2cc08cc7b4,0xb7F819B983E0CbB0316786d7FBa12E3b1E58DA5F,0x39243a59d34169EeB0cAC2752a21B982408a0194,1517333066
489737,0x2eb788e3ddd74582cc0967b069c80ad84a38d3bb8dd14b8fef5e0c65054e8aa8,0x9C89814BC229Ef3188ADd441EF9D2673A621d7bE,0xECde0842e309C4B2d15C074512404207335f3096,1517333084
489738,0xd5dd8c99a51135b2bd838cd97efd858cbfc1ac04984ff75c0bfcd538ade8a11c,0x25c6Bf07f3848D146AB24f815cf9a3B1C4a1F27D,0xECde0842e309C4B2d15C074512404207335f3096,1517333084
489739,0x6fc57e31120eb68fea559759291d37d804517783872cd3e543f431b34efda65a,0xb7F819B983E0CbB0316786d7FBa12E3b1E58DA5F,0x39243a59d34169EeB0cAC2752a21B982408a0194,1517333105
489740,0xc576d554aa924946c62daa8f53105591cce8b4bb5c5d06031b9181128e9e2b67,0xD51b5990951622c15de735F8510C7dBD6d3d3804,0xECde0842e309C4B2d15C074512404207335f3096,1517333234
489741,0xca0a8bd9557ecf28ec5a47a2a12a9549d0c3f794cac7b7ea14ce1881260a314d,0xb7F819B983E0CbB0316786d7FBa12E3b1E58DA5F,0x39243a59d34169EeB0cAC2752a21B982408a0194,1517333236
489742,0x6f0c57eef8f821fdec7b6d54ac9afe8cce9674dd460e9737b592a620382b8732,0xDe49de6739d54b43c80E8E0d15A4aDc2b35FbF11,0xECde0842e309C4B2d15C074512404207335f3096,1517333281
489743,0xe8d396ba7b4cc628e9462db04d266a152bf7cf30fd713411c73593bf866747aa,0x17528A9314B090a13A97b4F167D7D525625c398d,0xCC3d43308f835c1a29e14C7dD74B981d272dC708,1517333312
489744,0xf55d7117b5276734b3afc621b0f15f8fec6659a47d4ed93df7480fdfec4185c5,0xDe49de6739d54b43c80E8E0d15A4aDc2b35FbF11,0xECde0842e309C4B2d15C074512404207335f3096,1517333365
489745,0x248624fc7c0cf6d09e051142881c3f6b4d4f3ca38d352f78f323062dd4040a78,0x05bE6E1F661DacD4630e1Ebe2fFCE5bfB962076f,0x39243a59d34169EeB0cAC2752a21B982408a0194,1517333578
489746,0xbdca4b05f0945e768b5270dc3130486b133bf6b3c68bbd2911cf870dabd9b7a4,0xD51b5990951622c15de735F8510C7dBD6d3d3804,0xECde0842e309C4B2d15C074512404207335f3096,1517333778
489747,0x84448f6943916470544ef578c2aec18dd828f27bda8a18318f2d080095dfa4bf,0xDe49de6739d54b43c80E8E0d15A4aDc2b35FbF11,0xECde0842e309C4B2d15C074512404207335f3096,1517333880
489748,0x99d97b060e215a0998229d931533f6c4c37fbadb78290162aacce493b07fce11,0xa21037849678Af57f9865c6B9887F4e339f6377a,0x06012c8cf97BEaD5deAe237070F9587f8E7A266d,1517333954
489749,0x66264b8f3bb32c5b33ef50cbef3fe6e63b13b26052b6fa4ad0e85aab5ddc0cff,0x9C89814BC229Ef3188ADd441EF9D2673A621d7bE,0xECde0842e309C4B2d15C074512404207335f3096,1517333970
489750,0xe88ba5a70ac062f7a61b3c062d03d26e4b006a7b211717bfb2d76a1558eb7085,0x05bE6E1F661DacD4630e1Ebe2fFCE5bfB962076f,0x39243a59d34169EeB0cAC2752a21B982408a0194,1517333986
489751,0xa6947b2b23a12dd4a6fc81074655c744e61308249a45221997a0048ee5340921,0xDe49de6739d54b43c80E8E0d15A4aDc2b35FbF11,0xECde0842e309C4B2d15C074512404207335f3096,1517334025
489752,0x4c4102cac1473b31d109112dbbde27deb502b05b1293e242be81995fa4e80bd7,0xb7F819B983E0CbB0316786d7FBa12E3b1E58DA5F,0x39243a59d34169EeB0cAC2752a21B982408a0194,1517334032
489753,0x4c4102cac1473b31d109112dbbde27deb502b05b1293e242be81995fa4e80bd7,0xb7F819B983E0CbB0316786d7FBa12E3b1E58DA5F,0x39243a59d34169EeB0cAC2752a21B982408a0194,1517334032
489754,0xc533de22094753a3d82560f8bae1d315a54c945a1e341e9b09eab8d7ba43d37d,0x25c6Bf07f3848D146AB24f815cf9a3B1C4a1F27D,0xECde0842e309C4B2d15C074512404207335f3096,1517334294
489755,0x8efab9932d44fb8b5bf74253b5c18096c4d788c81edd5b9dc284d8d1ffdfb0b6,0x25c6Bf07f3848D146AB24f815cf9a3B1C4a1F27D,0xECde0842e309C4B2d15C074512404207335f3096,1517334327
489756,0xc8cc0db950b22f2c9271e009a9779b0761247a8b51f81ffeb70ada686971ea89,0xDe49de6739d54b43c80E8E0d15A4aDc2b35FbF11,0xECde0842e309C4B2d15C074512404207335f3096,1517334375
489757,0xc8cc0db950b22f2c9271e009a9779b0761247a8b51f81ffeb70ada686971ea89,0xDe49de6739d54b43c80E8E0d15A4aDc2b35FbF11,0xECde0842e309C4B2d15C074512404207335f3096,1517334375
489758,0xf331124f6d8204b3e62b88629ffdd8ed3cfc6afad6cc88e5109f7ca577c9ae25,0x9C89814BC229Ef3188ADd441EF9D2673A621d7bE,0xECde0842e309C4B2d15C074512404207335f3096,1517334405
489759,0x4490623cdce1c5849441f795bf579a9bf9b7a16e097d0699efbf9c442dbc20b7,0x9C89814BC229Ef3188ADd441EF9D2673A621d7bE,0xECde0842e309C4B2d15C074512404207335f3096,1517334465
489760,0xc6157b6e39da343a660b046fc17a59550cc2081219ec0c1027b6fb65b8d6115a,0xC5B373618D4D01a38f822F56cA6D2fF5080cC4f2,0xD18785571AE7F3b100e5B8788E3827120282f170,1517334474
489761,0x987e3c19ddaf2c0eea3a3a52b280bf75ab1028d91f710ac2d0b3c904bafb0fa0,0x05bE6E1F661DacD4630e1Ebe2fFCE5bfB962076f,0x39243a59d34169EeB0cAC2752a21B982408a0194,1517334508
489762,0xd969552ba49f09b04b18cf494f44a53f7e847734888b0e4848a02d3346bbdf08,0xED9878336d5187949E4ca33359D2C47c846c9Dd3,0xD18785571AE7F3b100e5B8788E3827120282f170,1517334554
489763,0x0d1e49252fc8fc957b4640d8195ab022a5dd6a4bb46f47a02abd47f7ec19a57f,0xDe49de6739d54b43c80E8E0d15A4aDc2b35FbF11,0xECde0842e309C4B2d15C074512404207335f3096,1517334656
489764,0xb9f8e602d2325008fa933948c1cc7cd0f6cec08ea49d24eba9083a19acb79ddb,0x9C89814BC229Ef3188ADd441EF9D2673A621d7bE,0xECde0842e309C4B2d15C074512404207335f3096,1517334660
489765,0xce1bb59267468b9d06fee03b17a2972818a9e4880c6ddbf97c25e2a9881d0b0c,0xD51b5990951622c15de735F8510C7dBD6d3d3804,0xECde0842e309C4B2d15C074512404207335f3096,1517334709
489766,0xcbddf47aa57ec68961fca971514031414686aefaf6543d90c58075e584bb868e,0x9C89814BC229Ef3188ADd441EF9D2673A621d7bE,0xECde0842e309C4B2d15C074512404207335f3096,1517334724
489767,0xd079adc038fcb5d1facbfc03a3f47e79b8eda8bb6303375c8891d95a5df12a93,0xa21037849678Af57f9865c6B9887F4e339f6377a,0x06012c8cf97BEaD5deAe237070F9587f8E7A266d,1517334899
489768,0xe6fcd37156d2a026ace105a05dab7ed9c7c97945e8aa58f5a99113bad879d4e7,0xDe49de6739d54b43c80E8E0d15A4aDc2b35FbF11,0xECde0842e309C4B2d15C074512404207335f3096,1517335009
489769,0xe6fcd37156d2a026ace105a05dab7ed9c7c97945e8aa58f5a99113bad879d4e7,0xDe49de6739d54b43c80E8E0d15A4aDc2b35FbF11,0xECde0842e309C4B2d15C074512404207335f3096,1517335009
489770,0xe6fcd37156d2a026ace105a05dab7ed9c7c97945e8aa58f5a99113bad879d4e7,0xDe49de6739d54b43c80E8E0d15A4aDc2b35FbF11,0xECde0842e309C4B2d15C074512404207335f3096,1517335009
489771,0x5c06db1e61d8b25be2933d6cbbb9af78b78789ec16f5102d07fd8d5a6475361d,0xDe49de6739d54b43c80E8E0d15A4aDc2b35FbF11,0xECde0842e309C4B2d15C074512404207335f3096,1517335030
